"Symbol","Name","LastSale","MarketCap","ADR TSO","Country","IPOyear","Sector","Industry","Summary Quote",
"ABB","ABB Ltd","22.35","47538421861.35","n/a","Switzerland","n/a","Consumer Durables","Electrical Products","http://www.nasdaq.com/symbol/abb",
"ACIU","AC Immune SA","15.68","868609938.56","n/a","Switzerland","2016","Health Care","Major Pharmaceuticals","http://www.nasdaq.com/symbol/aciu",
"ACN","Accenture plc","115.59","74524169280.03","n/a","Ireland","2001","Miscellaneous","Business Services","http://www.nasdaq.com/symbol/acn",
"ADAP","Adaptimmune Therapeutics plc","5.19","367375790.04","n/a","United Kingdom","2015","Health Care","Biotechnology: Biological Products (No Diagnostic Substances)","http://www.nasdaq.com/symbol/adap",
"AGRO","Adecoagro S.A.","11.28","1380468960","n/a","Luxembourg","2011","Consumer Non-Durables","Farming/Seeds/Milling","http://www.nasdaq.com/symbol/agro",
"AAAP","Advanced Accelerator Applications S.A.","38.39","1507886450.95","n/a","France","2015","Health Care","Major Pharmaceuticals","http://www.nasdaq.com/symbol/aaap",
"ANW","Aegean Marine Petroleum Network Inc.","9.23","467922723.19","n/a","Greece","2006","Energy","Oil Refining/Marketing","http://www.nasdaq.com/symbol/anw",
"AEB","Aegon NV","25.25","0","n/a","Netherlands","n/a","Finance","Life Insurance","http://www.nasdaq.com/symbol/aeb",
"AED","Aegon NV","26.35","0","n/a","Netherlands","n/a","Finance","Life Insurance","http://www.nasdaq.com/symbol/aed",
"AEG","Aegon NV","4.24","8942853087.36","n/a","Netherlands","n/a","Finance","Life Insurance","http://www.nasdaq.com/symbol/aeg",
"AEH","Aegon NV","25.8","0","n/a","Netherlands","n/a","Finance","Life Insurance","http://www.nasdaq.com/symbol/aeh",
"AEK","Aegon NV","27.22","0","n/a","Netherlands","n/a","Finance","Life Insurance","http://www.nasdaq.com/symbol/aek",
"AER","Aercap Holdings N.V.","40.72","7649892810.64","n/a","Netherlands","2006","Technology","Diversified Commercial Services","http://www.nasdaq.com/symbol/aer",
"AFMD","Affimed N.V.","2.3","76496629.2","n/a","Germany","2014","Health Care","Major Pharmaceuticals","http://www.nasdaq.com/symbol/afmd",
"AIXG","Aixtron SE","6.3299","706301528.2117","n/a","Germany","n/a","Technology","Industrial Machinery/Components","http://www.nasdaq.com/symbol/aixg",
"ALKS","Alkermes plc","55.62","8429583820.86","n/a","Ireland","1991","Health Care","Major Pharmaceuticals","http://www.nasdaq.com/symbol/alks",
"AWH","Allied World Assurance Company Holdings, AG","42.86","4052707319.62","n/a","Switzerland","2006","Finance","Property-Casualty Insurers","http://www.nasdaq.com/symbol/awh",
"ASPS","Altisource Portfolio Solutions S.A.","30.86","566264057.86","n/a","Luxembourg","n/a","Consumer Services","Other Consumer Services","http://www.nasdaq.com/symbol/asps",
"AMRN","Amarin Corporation plc","3.2","592914441.6","n/a","Ireland","n/a","Health Care","Major Pharmaceuticals","http://www.nasdaq.com/symbol/amrn",
"DOX","Amdocs Limited","58.99","8721789480","n/a","Guernsey","n/a","Technology","EDP Services","http://www.nasdaq.com/symbol/dox",
"AMFW","Amec Plc Ord","7.32","2877724871.16","n/a","United Kingdom","2014","Consumer Services","Military/Government/Technical","http://www.nasdaq.com/symbol/amfw",
"BUD","Anheuser-Busch Inbev SA","126.77","255979304917.21","n/a","Belgium","n/a","Consumer Non-Durables","Beverages (Production/Distribution)","http://www.nasdaq.com/symbol/bud",
"MT","ArcelorMittal","6.68","20420760000","n/a","Luxembourg","n/a","Basic Industries","Steel/Iron Ore","http://www.nasdaq.com/symbol/mt",
"ASND","Ascendis Pharma A/S","19.08","479446857.36","n/a","Denmark","2015","Health Care","Major Pharmaceuticals","http://www.nasdaq.com/symbol/asnd",
"ASML","ASML Holding N.V.","105.26","44615026982.72","n/a","Netherlands","1995","Technology","Industrial Machinery/Components","http://www.nasdaq.com/symbol/asml",
"AZN","Astrazeneca PLC","30.72","77721600000","n/a","United Kingdom","n/a","Health Care","Major Pharmaceuticals","http://www.nasdaq.com/symbol/azn",
"ABY","Atlantica Yield plc","18.59","1863038863.4","n/a","United Kingdom","2014","Public Utilities","Electric Utilities: Central","http://www.nasdaq.com/symbol/aby",
"TEAM","Atlassian Corporation Plc","29.04","6283049620.32","n/a","United Kingdom","2015","Technology","Computer Software: Prepackaged Software","http://www.nasdaq.com/symbol/team",
"EARS","Auris Medical Holding AG","1.32","45315209.28","n/a","Switzerland","2014","Health Care","Major Pharmaceuticals","http://www.nasdaq.com/symbol/ears",
"ALV","Autoliv, Inc.","99.42","8770685755.5","n/a","Sweden","n/a","Capital Goods","Auto Parts:O.E.M.","http://www.nasdaq.com/symbol/alv",
"AVG","AVG Technologies N.V.","25.25","1278465903.25","n/a","Netherlands","2012","Technology","Computer Software: Prepackaged Software","http://www.nasdaq.com/symbol/avg",
"AV","Aviva plc","10.89","22095810000","n/a","United Kingdom","n/a","Finance","Life Insurance","http://www.nasdaq.com/symbol/av",
"AVV","Aviva plc","25.72","0","n/a","United Kingdom","2011","Finance","Life Insurance","http://www.nasdaq.com/symbol/avv",
"BBVA","Banco Bilbao Viscaya Argentaria S.A.","6.79","44001630310.75","n/a","Spain","n/a","Finance","Commercial Banks","http://www.nasdaq.com/symbol/bbva",
"SAN","Banco Santander, S.A.","4.67","67409080343.93","n/a","Spain","n/a","Finance","Commercial Banks","http://www.nasdaq.com/symbol/san",
"SAN^A","Banco Santander, S.A.","25.76","0","n/a","Spain","n/a","n/a","n/a","http://www.nasdaq.com/symbol/san^a",
"SAN^B","Banco Santander, S.A.","24.3","0","n/a","Spain","n/a","n/a","n/a","http://www.nasdaq.com/symbol/san^b",
"SAN^C","Banco Santander, S.A.","25.58","0","n/a","Spain","n/a","n/a","n/a","http://www.nasdaq.com/symbol/san^c",
"SAN^I","Banco Santander, S.A.","25.48","0","n/a","Spain","n/a","n/a","n/a","http://www.nasdaq.com/symbol/san^i",
"TAPR","Barclays Inverse US Treasury Composite ETN","19.77","13052154","n/a","United Kingdom","n/a","Finance","Commercial Banks","http://www.nasdaq.com/symbol/tapr",
"BCS","Barclays PLC","8.92","37562120000","n/a","United Kingdom","n/a","Finance","Commercial Banks","http://www.nasdaq.com/symbol/bcs",
"BCS^A","Barclays PLC","26.01","0","n/a","United Kingdom","n/a","n/a","n/a","http://www.nasdaq.com/symbol/bcs^a",
"BCS^D","Barclays PLC","26.11","0","n/a","United Kingdom","n/a","n/a","n/a","http://www.nasdaq.com/symbol/bcs^d",
"BBL","BHP Billiton plc","30.15","80235827471.25","n/a","United Kingdom","n/a","Energy","Coal Mining","http://www.nasdaq.com/symbol/bbl",
"BP","BP p.l.c.","36.25","113558440301.25","n/a","United Kingdom","n/a","Energy","Integrated oil Companies","http://www.nasdaq.com/symbol/bp",
"BTI","British American Tobacco p.l.c.","113.35","105662120129","n/a","United Kingdom","n/a","Consumer Non-Durables","Farming/Seeds/Milling","http://www.nasdaq.com/symbol/bti",
"BT","BT Group plc","23.51","46837560354.63","n/a","United Kingdom","n/a","Public Utilities","Telecommunications Equipment","http://www.nasdaq.com/symbol/bt",
"CPLP","Capital Product Partners L.P.","3.16","380493880.96","n/a","Greece","2007","Transportation","Marine Transportation","http://www.nasdaq.com/symbol/cplp",
"CLLS","Cellectis S.A.","19","671298405","n/a","France","2015","Health Care","Biotechnology: Biological Products (No Diagnostic Substances)","http://www.nasdaq.com/symbol/clls",
"CYAD","Celyad SA","17.4001","162057623.5603","n/a","Belgium","2015","Health Care","Major Pharmaceuticals","http://www.nasdaq.com/symbol/cyad",
"CGG","CGG","29.4535","162974668.6545","n/a","France","n/a","Energy","Oil & Gas Production","http://www.nasdaq.com/symbol/cgg",
"CBI","Chicago Bridge & Iron Company N.V.","27.62","2849219457.94","n/a","Netherlands","1997","Basic Industries","Engineering & Construction","http://www.nasdaq.com/symbol/cbi",
"CMPR","Cimpress N.V","95.83","3027559298.26","n/a","Netherlands","n/a","Miscellaneous","Publishing","http://www.nasdaq.com/symbol/cmpr",
"CNV","Cnova N.V.","5.36","2365356454.56","n/a","Netherlands","2014","Consumer Services","Catalog/Specialty Distribution","http://www.nasdaq.com/symbol/cnv",
"CSTM","Constellium N.V.","5.6","590932568.8","n/a","Netherlands","2013","Basic Industries","Metal Fabrications","http://www.nasdaq.com/symbol/cstm",
"CLB","Core Laboratories N.V.","106.2","4684089272.4","n/a","Netherlands","1995","Energy","Oilfield Services/Equipment","http://www.nasdaq.com/symbol/clb",
"CMRE","Costamare Inc.","7.26","549564576","n/a","Greece","2010","Transportation","Marine Transportation","http://www.nasdaq.com/symbol/cmre",
"CMRE^B","Costamare Inc.","19.69","0","n/a","Greece","n/a","n/a","n/a","http://www.nasdaq.com/symbol/cmre^b",
"CMRE^C","Costamare Inc.","21.05","0","n/a","Greece","n/a","n/a","n/a","http://www.nasdaq.com/symbol/cmre^c",
"CMRE^D","Costamare Inc.","21.01","0","n/a","Greece","n/a","n/a","n/a","http://www.nasdaq.com/symbol/cmre^d",
"GLDI","Credit Suisse Gold Shares Covered Calls ETN","9.9","133901479.8","n/a","Switzerland","n/a","Finance","Investment Bankers/Brokers/Service","http://www.nasdaq.com/symbol/gldi",
"CS","Credit Suisse Group","13.7","28514683580.5","n/a","Switzerland","n/a","Finance","Investment Bankers/Brokers/Service","http://www.nasdaq.com/symbol/cs",
"SLVO","Credit Suisse Silver Shares Covered Call ETN","9.07","7709500","n/a","Switzerland","n/a","Finance","Investment Bankers/Brokers/Service","http://www.nasdaq.com/symbol/slvo",
"CRH","CRH PLC","33.1","27271462474.3","n/a","Ireland","n/a","Capital Goods","Building Materials","http://www.nasdaq.com/symbol/crh",
"CRSP","CRISPR Therapeutics AG","13.82","0","n/a","Switzerland","2016","n/a","n/a","http://www.nasdaq.com/symbol/crsp",
"CRTO","Criteo S.A.","35.42","2253284989.34","n/a","France","2013","Technology","Advertising","http://www.nasdaq.com/symbol/crto",
"CB","D/B/A Chubb Limited New","121.9","56693185808.3","n/a","Switzerland","n/a","Finance","Property-Casualty Insurers","http://www.nasdaq.com/symbol/cb",
"DAC","Danaos Corporation","2.52","276694367.04","n/a","Greece","2006","Transportation","Marine Transportation","http://www.nasdaq.com/symbol/dac",
"DBVT","DBV Technologies S.A.","35.57","1721952877.06","n/a","France","2014","Health Care","Biotechnology: Biological Products (No Diagnostic Substances)","http://www.nasdaq.com/symbol/dbvt",
"DLPH","Delphi Automotive plc","63.92","17435121925.12","n/a","United Kingdom","2011","Capital Goods","Auto Parts:O.E.M.","http://www.nasdaq.com/symbol/dlph",
"DB","Deutsche Bank AG","14.31","19561770000","n/a","Germany","n/a","Finance","Major Banks","http://www.nasdaq.com/symbol/db",
"DTK","Deutsche Bank AG","24.5","0","n/a","Germany","n/a","Finance","Major Banks","http://www.nasdaq.com/symbol/dtk",
"DXB","Deutsche Bank AG","23.27","0","n/a","Germany","n/a","Finance","Major Banks","http://www.nasdaq.com/symbol/dxb",
"DHT","DHT Holdings, Inc.","4.38","408943351.56","n/a","Jersey","2005","Transportation","Marine Transportation","http://www.nasdaq.com/symbol/dht",
"DEO","Diageo plc","108.24","74533545422.16","n/a","United Kingdom","n/a","Consumer Non-Durables","Beverages (Production/Distribution)","http://www.nasdaq.com/symbol/deo",
"DCIX","Diana Containerships Inc.","2.7","25275439.8","n/a","Greece","n/a","Transportation","Marine Transportation","http://www.nasdaq.com/symbol/dcix",
"DSX","Diana Shipping inc.","2.51","207190502.67","n/a","Greece","2005","Transportation","Marine Transportation","http://www.nasdaq.com/symbol/dsx",
"DSX^B","Diana Shipping inc.","15.49","0","n/a","Greece","n/a","n/a","n/a","http://www.nasdaq.com/symbol/dsx^b",
"DSXN","Diana Shipping inc.","22.5","0","n/a","Greece","2015","Transportation","Marine Transportation","http://www.nasdaq.com/symbol/dsxn",
"DRYS","DryShips Inc.","0.3619","674289.9086","n/a","Greece","2005","Transportation","Marine Transportation","http://www.nasdaq.com/symbol/drys",
"DLNG","Dynagas LNG Partners LP","15.83","561806700","n/a","Greece","n/a","Consumer Services","Marine Transportation","http://www.nasdaq.com/symbol/dlng",
"DLNG^A","Dynagas LNG Partners LP","25.61","0","n/a","Greece","n/a","n/a","n/a","http://www.nasdaq.com/symbol/dlng^a",
"ETN","Eaton Corporation, PLC","63.71","28968937000","n/a","Ireland","n/a","Technology","Industrial Machinery/Components","http://www.nasdaq.com/symbol/etn",
"EDAP","EDAP TMS S.A.","2.72","78139115.52","n/a","France","1997","Health Care","Biotechnology: Electromedical & Electrotherapeutic Apparatus","http://www.nasdaq.com/symbol/edap",
"ENDP","Endo International plc","20.81","4637715372.21","n/a","Ireland","n/a","Health Care","Major Pharmaceuticals","http://www.nasdaq.com/symbol/endp",
"E","ENI S.p.A.","29.96","54440096243.4","n/a","Italy","n/a","Energy","Oil & Gas Production","http://www.nasdaq.com/symbol/e",
"ESV","ENSCO plc","8.9","2681903723.3","n/a","United Kingdom","n/a","Energy","Oil & Gas Production","http://www.nasdaq.com/symbol/esv",
"ERIC","Ericsson","5.1","16753488489.3","n/a","Sweden","n/a","Technology","Radio And Television Broadcasting And Communications Equipment","http://www.nasdaq.com/symbol/eric",
"EURN","Euronav NV","8.05","1281632039.45","n/a","Belgium","2015","Transportation","Marine Transportation","http://www.nasdaq.com/symbol/eurn",
"ESEA","Euroseas Ltd.","1.77","14506495.2","n/a","Greece","n/a","Transportation","Marine Transportation","http://www.nasdaq.com/symbol/esea",
"GSM","Ferroglobe PLC","9.02","1549980140.06","n/a","United Kingdom","n/a","Capital Goods","Metal Fabrications","http://www.nasdaq.com/symbol/gsm",
"FCAM","Fiat Chrysler Automobiles N.V.","63.96","0","n/a","United Kingdom","2014","Capital Goods","Auto Manufacturing","http://www.nasdaq.com/symbol/fcam",
"FCAU","Fiat Chrysler Automobiles N.V.","6.3","10697244345.9","n/a","United Kingdom","2014","Capital Goods","Auto Manufacturing","http://www.nasdaq.com/symbol/fcau",
"FLML","Flamel Technologies S.A.","12.22","503968123.88","n/a","France","1996","Health Care","Major Pharmaceuticals","http://www.nasdaq.com/symbol/flml",
"FLTX","Fleetmatics Group PLC","59.95","2348059072.15","n/a","Ireland","2012","Technology","Computer Software: Prepackaged Software","http://www.nasdaq.com/symbol/fltx",
"FLY","Fly Leasing Limited","12.1","403510679","n/a","Ireland","2007","n/a","n/a","http://www.nasdaq.com/symbol/fly",
"FWP","Forward Pharma A/S","20.55","963214133.7","n/a","Denmark","2014","Health Care","Major Pharmaceuticals","http://www.nasdaq.com/symbol/fwp",
"FMS","Fresenius Medical Care Corporation","41.48","25364985903.44","n/a","Germany","n/a","Health Care","Hospital/Nursing Management","http://www.nasdaq.com/symbol/fms",
"GLPG","Galapagos NV","65.74","3031239055.92","n/a","Belgium","2015","Health Care","Major Pharmaceuticals","http://www.nasdaq.com/symbol/glpg",
"GRMN","Garmin Ltd.","48.6","9179442514.8","n/a","Switzerland","2000","Capital Goods","Industrial Machinery/Components","http://www.nasdaq.com/symbol/grmn",
"GSK","GlaxoSmithKline PLC","41.13","100200906000","n/a","United Kingdom","n/a","Health Care","Major Pharmaceuticals","http://www.nasdaq.com/symbol/gsk",
"GBLI","Global Indemnity plc","30.26","531194449.44","n/a","Ireland","n/a","Finance","Property-Casualty Insurers","http://www.nasdaq.com/symbol/gbli",
"GBLIZ","Global Indemnity plc","25.99","0","n/a","Ireland","n/a","Finance","Property-Casualty Insurers","http://www.nasdaq.com/symbol/gbliz",
"GSL","Global Ship Lease, Inc.","1.41","77499949.23","n/a","United Kingdom","n/a","Transportation","Marine Transportation","http://www.nasdaq.com/symbol/gsl",
"GSL^B","Global Ship Lease, Inc.","20.35","0","n/a","United Kingdom","n/a","n/a","n/a","http://www.nasdaq.com/symbol/gsl^b",
"GLBS","Globus Maritime Limited","2.02","5211169.74","n/a","Greece","n/a","Transportation","Marine Transportation","http://www.nasdaq.com/symbol/glbs",
"GRFS","Grifols, S.A.","15.13","10402705758.04","n/a","Spain","n/a","Health Care","Major Pharmaceuticals","http://www.nasdaq.com/symbol/grfs",
"GWPH","GW Pharmaceuticals Plc","123.11","2679490873.54","n/a","United Kingdom","2013","Health Care","Major Pharmaceuticals","http://www.nasdaq.com/symbol/gwph",
"HZNP","Horizon Pharma plc","17.5","2815835295","n/a","Ireland","2011","Health Care","Major Pharmaceuticals","http://www.nasdaq.com/symbol/hznp",
"HSBC","HSBC Holdings plc","38.23","151490198000","n/a","United Kingdom","n/a","Finance","Savings Institutions","http://www.nasdaq.com/symbol/hsbc",
"HSBC^A","HSBC Holdings plc","26.11","0","n/a","United Kingdom","n/a","n/a","n/a","http://www.nasdaq.com/symbol/hsbc^a",
"HSEA","HSBC Holdings plc","26.88","0","n/a","United Kingdom","n/a","Finance","Savings Institutions","http://www.nasdaq.com/symbol/hsea",
"HSEB","HSBC Holdings plc","25.88","0","n/a","United Kingdom","n/a","Finance","Savings Institutions","http://www.nasdaq.com/symbol/hseb",
"ICLR","ICON plc","84.54","4688556866.58","n/a","Ireland","1998","Health Care","Biotechnology: Commercial Physical & Biological Resarch","http://www.nasdaq.com/symbol/iclr",
"ING","ING Group, N.V.","12.84","49693153893","n/a","Netherlands","1997","Finance","Commercial Banks","http://www.nasdaq.com/symbol/ing",
"INZ","ING Group, N.V.","26.33","0","n/a","Netherlands","n/a","Finance","Commercial Banks","http://www.nasdaq.com/symbol/inz",
"ISF","ING Group, N.V.","25.99","0","n/a","Netherlands","n/a","Finance","Commercial Banks","http://www.nasdaq.com/symbol/isf",
"ISG","ING Group, N.V.","25.83","0","n/a","Netherlands","n/a","Finance","Commercial Banks","http://www.nasdaq.com/symbol/isg",
"ISP","ING Group, N.V.","25.81","0","n/a","Netherlands","n/a","Finance","Commercial Banks","http://www.nasdaq.com/symbol/isp",
"IR","Ingersoll-Rand plc (Ireland)","65.76","16965975244.32","n/a","Ireland","n/a","Capital Goods","Auto Parts:O.E.M.","http://www.nasdaq.com/symbol/ir",
"INNL","Innocoll Holdings","6.22","1952503306.48","n/a","Ireland","2014","Health Care","Major Pharmaceuticals","http://www.nasdaq.com/symbol/innl",
"I","Intelsat S.A.","2.75","297275000","n/a","Luxembourg","2013","Consumer Services","Telecommunications Equipment","http://www.nasdaq.com/symbol/i",
"IHG","Intercontinental Hotels Group","39.29","7730872490.2","n/a","United Kingdom","n/a","Consumer Services","Hotels/Resorts","http://www.nasdaq.com/symbol/ihg",
"INXN","InterXion Holding N.V.","38.34","2702164860","n/a","Netherlands","2011","Technology","Computer Software: Programming, Data Processing","http://www.nasdaq.com/symbol/inxn",
"DTYS","iPath US Treasury 10-year Bear ETN","13.2503","40913203.0657","n/a","United Kingdom","n/a","Finance","Commercial Banks","http://www.nasdaq.com/symbol/dtys",
"DTYL","iPath US Treasury 10-year Bull ETN","81.8","5627267.4","n/a","United Kingdom","n/a","Finance","Commercial Banks","http://www.nasdaq.com/symbol/dtyl",
"DTUS","iPath US Treasury 2-year Bear ETN","29.51","7921841.46","n/a","United Kingdom","n/a","Finance","Commercial Banks","http://www.nasdaq.com/symbol/dtus",
"DTUL","iPath US Treasury 2-year Bull ETN","66.312","3907965.096","n/a","United Kingdom","n/a","Finance","Commercial Banks","http://www.nasdaq.com/symbol/dtul",
"DFVS","iPath US Treasury 5-year Bear Exchange Traded Note","24.3089","1752671.69","n/a","United Kingdom","n/a","Finance","Commercial Banks","http://www.nasdaq.com/symbol/dfvs",
"DFVL","iPath US Treasury 5-year Bull ETN","69.64","4909620","n/a","United Kingdom","n/a","Finance","Commercial Banks","http://www.nasdaq.com/symbol/dfvl",
"FLAT","iPath US Treasury Flattener ETN","62.516","3464136.592","n/a","United Kingdom","n/a","Finance","Commercial Banks","http://www.nasdaq.com/symbol/flat",
"DLBS","iPath US Treasury Long Bond Bear ETN","14.23","16742278.04","n/a","United Kingdom","n/a","Finance","Commercial Banks","http://www.nasdaq.com/symbol/dlbs",
"DLBL","iPath US Treasury Long Bond Bull ETN","81.65","5793557.4","n/a","United Kingdom","n/a","Finance","Commercial Banks","http://www.nasdaq.com/symbol/dlbl",
"STPP","iPath US Treasury Steepener ETN","30.79","5308811.8","n/a","United Kingdom","n/a","Finance","Commercial Banks","http://www.nasdaq.com/symbol/stpp",
"JHX","James Hardie Industries plc.","15.64","6969210588","n/a","Ireland","n/a","Capital Goods","Building Materials","http://www.nasdaq.com/symbol/jhx",
"JAZZ","Jazz Pharmaceuticals plc","121.26","7340123537.34","n/a","Ireland","2007","Health Care","Major Pharmaceuticals","http://www.nasdaq.com/symbol/jazz",
"JCI","Johnson Controls International plc","44.06","17934370888.68","n/a","Switzerland","n/a","Consumer Durables","Industrial Specialties","http://www.nasdaq.com/symbol/jci",
"KNOP","KNOT Offshore Partners LP","20.3","552040108.2","n/a","United Kingdom","2013","Consumer Services","Marine Transportation","http://www.nasdaq.com/symbol/knop",
"PHG","Koninklijke Philips N.V.","28.43","26363601669.82","n/a","Netherlands","n/a","Energy","Consumer Electronics/Appliances","http://www.nasdaq.com/symbol/phg",
"LBTYA","Liberty Global plc","31.87","29318361212.36","n/a","United Kingdom","n/a","Consumer Services","Television Services","http://www.nasdaq.com/symbol/lbtya",
"LBTYB","Liberty Global plc","34.2","31461812157.6","n/a","United Kingdom","n/a","Consumer Services","Television Services","http://www.nasdaq.com/symbol/lbtyb",
"LBTYK","Liberty Global plc","31.25","28748000875","n/a","United Kingdom","n/a","Consumer Services","Television Services","http://www.nasdaq.com/symbol/lbtyk",
"LILA","Liberty Global plc","27.62","4807508005.66","n/a","United Kingdom","n/a","Consumer Services","Television Services","http://www.nasdaq.com/symbol/lila",
"LILAK","Liberty Global plc","27.66","4814470363.38","n/a","United Kingdom","n/a","Consumer Services","Television Services","http://www.nasdaq.com/symbol/lilak",
"LIQT","LiqTech International, Inc.","0.74","29253705.9","n/a","Denmark","n/a","Technology","Industrial Machinery/Components","http://www.nasdaq.com/symbol/liqt",
"LIVN","LivaNova PLC","56.43","2769226182.36","n/a","United Kingdom","n/a","Health Care","Biotechnology: Electromedical & Electrotherapeutic Apparatus","http://www.nasdaq.com/symbol/livn",
"LYG","Lloyds Banking Group Plc","2.73","48767802998.46","n/a","United Kingdom","n/a","Finance","Commercial Banks","http://www.nasdaq.com/symbol/lyg",
"EVAR","Lombard Medical, Inc.","0.8628","17157610.602","n/a","United Kingdom","2014","Health Care","Medical/Dental Instruments","http://www.nasdaq.com/symbol/evar",
"LXFR","Luxfer Holdings PLC","9.39","246957000","n/a","United Kingdom","2012","Basic Industries","Major Chemicals","http://www.nasdaq.com/symbol/lxfr",
"LUX","Luxottica Group, S.p.A.","45.36","21795818748.48","n/a","Italy","1990","Health Care","Ophthalmic Goods","http://www.nasdaq.com/symbol/lux",
"LYB","LyondellBasell Industries NV","81.87","34035151298.04","n/a","Netherlands","n/a","Basic Industries","Major Chemicals","http://www.nasdaq.com/symbol/lyb",
"MX","MagnaChip Semiconductor Corporation","8.5","295219909","n/a","Luxembourg","2011","Technology","Semiconductors","http://www.nasdaq.com/symbol/mx",
"MNK","Mallinckrodt plc","62.1","6688997172","n/a","Ireland","2013","Health Care","Major Pharmaceuticals","http://www.nasdaq.com/symbol/mnk",
"MAMS","MAM Software Group, Inc.","6.03","74776570.74","n/a","United Kingdom","n/a","Technology","Computer Software: Prepackaged Software","http://www.nasdaq.com/symbol/mams",
"MANU","Manchester United Ltd.","15.9","2608001952","n/a","United Kingdom","2012","Consumer Services","Services-Misc. Amusement & Recreation","http://www.nasdaq.com/symbol/manu",
"MHG","Marine Harvest ASA","18.03","8115044305.56","n/a","Norway","n/a","n/a","n/a","http://www.nasdaq.com/symbol/mhg",
"MTLS","Materialise NV","7.96","376710486.48","n/a","Belgium","2014","Technology","Computer Software: Prepackaged Software","http://www.nasdaq.com/symbol/mtls",
"MRUS","Merus N.V.","18.76","289037346.08","n/a","Netherlands","2016","Health Care","Major Pharmaceuticals","http://www.nasdaq.com/symbol/mrus",
"MTD","Mettler-Toledo International, Inc.","407.23","10787363880.3","n/a","Switzerland","1997","Capital Goods","Biotechnology: Laboratory Analytical Instruments","http://www.nasdaq.com/symbol/mtd",
"MTP","Midatech Pharma PLC","2.91","48804209.46","n/a","United Kingdom","n/a","Health Care","Major Pharmaceuticals","http://www.nasdaq.com/symbol/mtp",
"MIME","Mimecast Limited","21.22","1155993876.4","n/a","United Kingdom","2015","Technology","Computer Software: Prepackaged Software","http://www.nasdaq.com/symbol/mime",
"MYL","Mylan N.V.","37.02","19802423618.94","n/a","United Kingdom","n/a","Health Care","Major Pharmaceuticals","http://www.nasdaq.com/symbol/myl",
"NBRV","Nabriva Therapeutics AG","6.35","135082661","n/a","Austria","2015","Health Care","Major Pharmaceuticals","http://www.nasdaq.com/symbol/nbrv",
"NGG","National Grid Transco, PLC","65.36","51295025847.12","n/a","United Kingdom","n/a","Public Utilities","Natural Gas Distribution","http://www.nasdaq.com/symbol/ngg",
"NW^C","Natl Westminster Pfd","25.79","0","n/a","United Kingdom","n/a","Finance","Commercial Banks","http://www.nasdaq.com/symbol/nw^c",
"NTZ","Natuzzi, S.p.A.","1.66","91056054.7","n/a","Italy","1993","Consumer Durables","Home Furnishings","http://www.nasdaq.com/symbol/ntz",
"NNA","Navios Maritime Acquisition Corporation","1.34","202049206.6","n/a","Greece","n/a","Transportation","Marine Transportation","http://www.nasdaq.com/symbol/nna",
"NMM","Navios Maritime Partners LP","1.38","114649999.8","n/a","Greece","2007","Transportation","Marine Transportation","http://www.nasdaq.com/symbol/nmm",
"NEON","Neonode Inc.","1.18","57636513.54","n/a","Sweden","n/a","Capital Goods","Industrial Machinery/Components","http://www.nasdaq.com/symbol/neon",
"NVET","Nexvet Biopharma plc","4.2","49154133","n/a","Ireland","2015","Health Care","Major Pharmaceuticals","http://www.nasdaq.com/symbol/nvet",
"NLSN","Nielsen N.V.","54.6","19511078386.8","n/a","Netherlands","2011","Miscellaneous","Business Services","http://www.nasdaq.com/symbol/nlsn",
"NE","Noble Corporation","5.97","1452012259.98","n/a","Switzerland","n/a","Energy","Oil & Gas Production","http://www.nasdaq.com/symbol/ne",
"NOK","Nokia Corporation","4.92","28710973709.04","n/a","Finland","1994","Technology","Radio And Television Broadcasting And Communications Equipment","http://www.nasdaq.com/symbol/nok",
"NVS","Novartis AG","75.54","179875848000","n/a","Switzerland","n/a","Health Care","Major Pharmaceuticals","http://www.nasdaq.com/symbol/nvs",
"NVO","Novo Nordisk A/S","41.5","107900000000","n/a","Denmark","n/a","Health Care","Major Pharmaceuticals","http://www.nasdaq.com/symbol/nvo",
"NVCR","NovoCure Limited","6.84","586699454.16","n/a","Jersey","2015","Health Care","Medical/Dental Instruments","http://www.nasdaq.com/symbol/nvcr",
"NXPI","NXP Semiconductors N.V.","101.71","34501112567.04","n/a","Netherlands","2010","Technology","Semiconductors","http://www.nasdaq.com/symbol/nxpi",
"OASM","Oasmia Pharmaceutical AB","2.7","96488099.1","n/a","Sweden","2015","Health Care","Major Pharmaceuticals","http://www.nasdaq.com/symbol/oasm",
"OMAA","OM Asset Management plc","24.84","0","n/a","United Kingdom","2016","Finance","Investment Managers","http://www.nasdaq.com/symbol/omaa",
"OMAM","OM Asset Management plc","14.41","1731473393.65","n/a","United Kingdom","2014","Finance","Investment Managers","http://www.nasdaq.com/symbol/omam",
"OHGI","One Horizon Group, Inc.","0.46","16233594.58","n/a","Ireland","n/a","Public Utilities","Telecommunications Equipment","http://www.nasdaq.com/symbol/ohgi",
"ORAN","Orange","15.23","40512662002.77","n/a","France","n/a","Public Utilities","Telecommunications Equipment","http://www.nasdaq.com/symbol/oran",
"OEC","Orion Engineered Carbons S.A","18.65","1106258301.35","n/a","Luxembourg","2014","Basic Industries","Major Chemicals","http://www.nasdaq.com/symbol/oec",
"OXFD","Oxford Immunotec Global PLC","12.88","290700067.28","n/a","United Kingdom","2013","Health Care","Biotechnology: In Vitro & In Vivo Diagnostic Substances","http://www.nasdaq.com/symbol/oxfd",
"PACD","Pacific Drilling S.A.","3.73","79008860","n/a","Luxembourg","2011","Energy","Oil & Gas Production","http://www.nasdaq.com/symbol/pacd",
"PTHN","Patheon N.V.","28.91","0","n/a","Netherlands","2016","Health Care","Major Pharmaceuticals","http://www.nasdaq.com/symbol/pthn",
"PSO","Pearson, Plc","9.49","7728304870","n/a","United Kingdom","n/a","Consumer Services","Books","http://www.nasdaq.com/symbol/pso",
"PNR","Pentair plc.","58.37","10570419773.42","n/a","Switzerland","n/a","Technology","Industrial Machinery/Components","http://www.nasdaq.com/symbol/pnr",
"PIRS","Pieris Pharmaceuticals, Inc.","1.62","69755299.74","n/a","Germany","n/a","Health Care","Biotechnology: Commercial Physical & Biological Resarch","http://www.nasdaq.com/symbol/pirs",
"LENS","Presbia PLC","3.9","52148635.5","n/a","Ireland","2015","Health Care","Medical/Dental Instruments","http://www.nasdaq.com/symbol/lens",
"PRQR","ProQR Therapeutics N.V.","6.4","149419878.4","n/a","Netherlands","2014","Health Care","Major Pharmaceuticals","http://www.nasdaq.com/symbol/prqr",
"PUK","Prudential Public Limited Company","34.09","43847494759.11","n/a","United Kingdom","n/a","Finance","Life Insurance","http://www.nasdaq.com/symbol/puk",
"PUK^","Prudential Public Limited Company","26.47","0","n/a","United Kingdom","n/a","n/a","n/a","http://www.nasdaq.com/symbol/puk^",
"PUK^A","Prudential Public Limited Company","26.57","0","n/a","United Kingdom","n/a","n/a","n/a","http://www.nasdaq.com/symbol/puk^a",
"PXS","Pyxis Tankers Inc.","2.48","45329174.64","n/a","Greece","n/a","Transportation","Marine Transportation","http://www.nasdaq.com/symbol/pxs",
"QGEN","Qiagen N.V.","25.8","6039625819.2","n/a","Netherlands","n/a","Health Care","Biotechnology: Biological Products (No Diagnostic Substances)","http://www.nasdaq.com/symbol/qgen",
"QTNT","Quotient Limited","6.92","204028934","n/a","United Kingdom","2014","Health Care","Biotechnology: In Vitro & In Vivo Diagnostic Substances","http://www.nasdaq.com/symbol/qtnt",
"GOLD","Randgold Resources Limited","86.94","8145632818.26","n/a","Jersey","n/a","Basic Industries","Precious Metals","http://www.nasdaq.com/symbol/gold",
"RENX","RELX N.V.","16.68","34284072000","n/a","Netherlands","2015","Consumer Services","Publishing","http://www.nasdaq.com/symbol/renx",
"RELX","RELX PLC","18.06","37120524000","n/a","United Kingdom","2015","Consumer Services","Publishing","http://www.nasdaq.com/symbol/relx",
"RBS","Royal Bank Scotland plc (The)","4.68","27506700000","n/a","United Kingdom","n/a","Finance","Commercial Banks","http://www.nasdaq.com/symbol/rbs",
"RBS^F","Royal Bank Scotland plc (The)","25.9","0","n/a","United Kingdom","n/a","Finance","Commercial Banks","http://www.nasdaq.com/symbol/rbs^f",
"RBS^H","Royal Bank Scotland plc (The)","25.73","0","n/a","United Kingdom","n/a","Finance","Commercial Banks","http://www.nasdaq.com/symbol/rbs^h",
"RBS^L","Royal Bank Scotland plc (The)","25.23","0","n/a","United Kingdom","n/a","n/a","n/a","http://www.nasdaq.com/symbol/rbs^l",
"RBS^S","Royal Bank Scotland plc (The)","25.65","0","n/a","United Kingdom","n/a","n/a","n/a","http://www.nasdaq.com/symbol/rbs^s",
"RYAAY","Ryanair Holdings plc","73.37","18407065600","n/a","Ireland","1997","Transportation","Air Freight/Delivery Services","http://www.nasdaq.com/symbol/ryaay",
"GCVRZ","Sanofi","0.28","0","n/a","France","n/a","Health Care","Major Pharmaceuticals","http://www.nasdaq.com/symbol/gcvrz",
"SNY","Sanofi","37.75","97176481331.5","n/a","France","n/a","Health Care","Major Pharmaceuticals","http://www.nasdaq.com/symbol/sny",
"SAP","SAP SE","88.82","109115745886.24","n/a","Germany","n/a","Technology","Computer Software: Prepackaged Software","http://www.nasdaq.com/symbol/sap",
"SLB","Schlumberger N.V.","80.47","111909108359.1","n/a","France","n/a","Energy","Oilfield Services/Equipment","http://www.nasdaq.com/symbol/slb",
"SDLP","Seadrill Partners LLC","3.58","328721328","n/a","United Kingdom","2012","Energy","Oil & Gas Production","http://www.nasdaq.com/symbol/sdlp",
"STX","Seagate Technology PLC","34.5","10302018469.5","n/a","Ireland","2002","Technology","Electronic Components","http://www.nasdaq.com/symbol/stx",
"SHIP","Seanergy Maritime Holdings Corp","2.55","49761745.5","n/a","Greece","n/a","Transportation","Marine Transportation","http://www.nasdaq.com/symbol/ship",
"ST","Sensata Technologies Holding N.V.","37.26","6365194880.04","n/a","Netherlands","2010","Capital Goods","Industrial Machinery/Components","http://www.nasdaq.com/symbol/st",
"SQNS","Sequans Communications S.A.","1.72","102050816.4","n/a","France","2011","Technology","Semiconductors","http://www.nasdaq.com/symbol/sqns",
"SHPG","Shire plc","184.4","55332302799.2","n/a","Ireland","n/a","Health Care","Major Pharmaceuticals","http://www.nasdaq.com/symbol/shpg",
"SNN","Smith & Nephew SNATS, Inc.","30.4","13914798382.4","n/a","United Kingdom","n/a","Health Care","Industrial Specialties","http://www.nasdaq.com/symbol/snn",
"SBLK","Star Bulk Carriers Corp.","4.62","203075144.58","n/a","Greece","n/a","Transportation","Marine Transportation","http://www.nasdaq.com/symbol/sblk",
"SBLKL","Star Bulk Carriers Corp.","21.43","0","n/a","Greece","n/a","Transportation","Marine Transportation","http://www.nasdaq.com/symbol/sblkl",
"STO","Statoil ASA","16.52","52676450141.56","n/a","Norway","n/a","Energy","Integrated oil Companies","http://www.nasdaq.com/symbol/sto",
"GASS","StealthGas, Inc.","3.306","133951436.856","n/a","Greece","2005","Transportation","Marine Transportation","http://www.nasdaq.com/symbol/gass",
"STLR","Stellar Acquisition III Inc.","n/a","0","n/a","Greece","2016","Finance","Business Services","http://www.nasdaq.com/symbol/stlr",
"STLRU","Stellar Acquisition III Inc.","10","0","n/a","Greece","2016","Finance","Business Services","http://www.nasdaq.com/symbol/stlru",
"STLRW","Stellar Acquisition III Inc.","0.1701","0","n/a","Greece","2016","Finance","Business Services","http://www.nasdaq.com/symbol/stlrw",
"STM","STMicroelectronics N.V.","8.06","7119143416.84","n/a","Switzerland","n/a","Technology","Semiconductors","http://www.nasdaq.com/symbol/stm",
"SMMT","Summit Therapeutics plc","12.07","148423462.3","n/a","United Kingdom","2015","Health Care","Major Pharmaceuticals","http://www.nasdaq.com/symbol/smmt",
"SYT","Syngenta AG","85.11","39553020931.95","n/a","Switzerland","n/a","Basic Industries","Agricultural Chemicals","http://www.nasdaq.com/symbol/syt",
"TLND","Talend S.A.","23.67","662093807.85","n/a","France","2016","Technology","Computer Software: Prepackaged Software","http://www.nasdaq.com/symbol/tlnd",
"TCPI","TCP International Holdings Ltd.","1.49","42334444.71","n/a","Switzerland","2014","Consumer Durables","Building Products","http://www.nasdaq.com/symbol/tcpi",
"TEL","TE Connectivity Ltd.","61.78","21965874984.3","n/a","Switzerland","n/a","Consumer Non-Durables","Electronic Components","http://www.nasdaq.com/symbol/tel",
"TI","Telecom Italia S.P.A.","8.35","16168897481.8","n/a","Italy","n/a","Consumer Services","Telecommunications Equipment","http://www.nasdaq.com/symbol/ti",
"TEF","Telefonica SA","9.86","49055464082.42","n/a","Spain","1988","Public Utilities","Telecommunications Equipment","http://www.nasdaq.com/symbol/tef",
"TS","Tenaris S.A.","28.99","17111881350.85","n/a","Luxembourg","n/a","Basic Industries","Steel/Iron Ore","http://www.nasdaq.com/symbol/ts",
"TX","Ternium S.A.","22.43","4403181195.11","n/a","Luxembourg","n/a","Basic Industries","Steel/Iron Ore","http://www.nasdaq.com/symbol/tx",
"TOPS","TOP Ships Inc.","2.81","9982190.61","n/a","Greece","n/a","Transportation","Marine Transportation","http://www.nasdaq.com/symbol/tops",
"TOT","TotalFinaElf, S.A.","48.28","115355215514.88","n/a","France","n/a","Energy","Oil & Gas Production","http://www.nasdaq.com/symbol/tot",
"RIG","Transocean Ltd.","10.5","3836613438","n/a","Switzerland","n/a","Energy","Oil & Gas Production","http://www.nasdaq.com/symbol/rig",
"RIGP","Transocean Partners LLC","12.24","838454308.56","n/a","United Kingdom","2014","Energy","Oil & Gas Production","http://www.nasdaq.com/symbol/rigp",
"TRIB","Trinity Biotech plc","7.06","169157840.04","n/a","Ireland","1992","Health Care","Biotechnology: In Vitro & In Vivo Diagnostic Substances","http://www.nasdaq.com/symbol/trib",
"TNP","Tsakos Energy Navigation Ltd","5.01","437566646.52","n/a","Greece","2002","Transportation","Marine Transportation","http://www.nasdaq.com/symbol/tnp",
"TNP^B","Tsakos Energy Navigation Ltd","25.64","0","n/a","Greece","n/a","n/a","n/a","http://www.nasdaq.com/symbol/tnp^b",
"TNP^C","Tsakos Energy Navigation Ltd","25.92","0","n/a","Greece","n/a","n/a","n/a","http://www.nasdaq.com/symbol/tnp^c",
"TNP^D","Tsakos Energy Navigation Ltd","24.668","0","n/a","Greece","n/a","n/a","n/a","http://www.nasdaq.com/symbol/tnp^d",
"UBS","UBS AG","13.67","50668115591.21","n/a","Switzerland","2014","Finance","Major Banks","http://www.nasdaq.com/symbol/ubs",
"UN","Unilever NV","42.66","129041554042.26","n/a","Netherlands","n/a","Basic Industries","Package Goods/Cosmetics","http://www.nasdaq.com/symbol/un",
"UL","Unilever PLC","42.54","128678567954.94","n/a","United Kingdom","n/a","Basic Industries","Package Goods/Cosmetics","http://www.nasdaq.com/symbol/ul",
"QURE","uniQure N.V.","7.2","180986464.8","n/a","Netherlands","2014","Health Care","Major Pharmaceuticals","http://www.nasdaq.com/symbol/qure",
"DGLD","VelocityShares 3x Inverse Gold ETN linked to S&P GSCI Gold Ind","49.37","16341963.7","n/a","Switzerland","n/a","Finance","Investment Bankers/Brokers/Service","http://www.nasdaq.com/symbol/dgld",
"DSLV","VelocityShares 3x Inverse Silver ETN linked to S&P GSCI Silver","26.41","18564539.76","n/a","Switzerland","n/a","Finance","Investment Bankers/Brokers/Service","http://www.nasdaq.com/symbol/dslv",
"UGLD","VelocityShares 3x Long Gold ETN linked to the S&P GSCI Gold In","11.42","91538357.56","n/a","Switzerland","n/a","Finance","Investment Bankers/Brokers/Service","http://www.nasdaq.com/symbol/ugld",
"USLV","VelocityShares 3x Long Silver ETN linked to the S&P GSCI Silve","16.41","243975067.83","n/a","Switzerland","n/a","Finance","Investment Bankers/Brokers/Service","http://www.nasdaq.com/symbol/uslv",
"TVIZ","VelocityShares Daily 2x VIX Medium Term ETN","8.43","1808167.56","n/a","Switzerland","n/a","Finance","Investment Bankers/Brokers/Service","http://www.nasdaq.com/symbol/tviz",
"TVIX","VelocityShares Daily 2x VIX Short Term ETN","15.58","259187867.3","n/a","Switzerland","n/a","Finance","Investment Bankers/Brokers/Service","http://www.nasdaq.com/symbol/tvix",
"ZIV","VelocityShares Daily Inverse VIX Medium Term ETN","44.91","75808080","n/a","Switzerland","n/a","Finance","Investment Bankers/Brokers/Service","http://www.nasdaq.com/symbol/ziv",
"XIV","VelocityShares Daily Inverse VIX Short Term ETN","40.08","568289630.64","n/a","Switzerland","n/a","Finance","Investment Bankers/Brokers/Service","http://www.nasdaq.com/symbol/xiv",
"VIIZ","VelocityShares VIX Medium Term ETN","12.8","832000","n/a","Switzerland","n/a","Finance","Investment Bankers/Brokers/Service","http://www.nasdaq.com/symbol/viiz",
"VIIX","VelocityShares VIX Short Term ETN","10.68","12772916.88","n/a","Switzerland","n/a","Finance","Investment Bankers/Brokers/Service","http://www.nasdaq.com/symbol/viix",
"VIP","VimpelCom Ltd.","3.21","5639106943.35","n/a","Netherlands","n/a","Public Utilities","Telecommunications Equipment","http://www.nasdaq.com/symbol/vip",
"VOD","Vodafone Group Plc","27.77","73753149750.87","n/a","United Kingdom","n/a","Public Utilities","Telecommunications Equipment","http://www.nasdaq.com/symbol/vod",
"VTTI","VTTI Energy Partners LP","18.8","756700000","n/a","United Kingdom","2014","Energy","Oil Refining/Marketing","http://www.nasdaq.com/symbol/vtti",
"WFT","Weatherford International plc","6.3","5645755061.1","n/a","Switzerland","n/a","Energy","Metal Fabrications","http://www.nasdaq.com/symbol/wft",
"WLTW","Willis Towers Watson Public Limited Company","126.79","17503453578.18","n/a","United Kingdom","n/a","Finance","Specialty Insurers","http://www.nasdaq.com/symbol/wltw",
"WPPGY","WPP plc","107.13","28496580000","n/a","Ireland","n/a","Technology","Advertising","http://www.nasdaq.com/symbol/wppgy",
"WMGI","Wright Medical Group N.V.","24.2","2492039431.2","n/a","Netherlands","2011","Health Care","Industrial Specialties","http://www.nasdaq.com/symbol/wmgi",
"WMGIZ","Wright Medical Group N.V.","1.35","0","n/a","Netherlands","n/a","Health Care","Industrial Specialties","http://www.nasdaq.com/symbol/wmgiz",
"XL","XL Group Ltd.","33.5","9211577343","n/a","Ireland","n/a","Finance","Property-Casualty Insurers","http://www.nasdaq.com/symbol/xl",
"YNDX","Yandex N.V.","19.5","6258143931","n/a","Netherlands","2011","Technology","Computer Software: Programming, Data Processing","http://www.nasdaq.com/symbol/yndx",
